도시,url,이미지 설명
청주시,https://i.ibb.co/S5QVq9q/image.jpg,청주 청남대
충주시,https://i.ibb.co/qkjjBr2/image.jpg,충주 홍보맨
제천시,https://i.ibb.co/Wx9J4hs/image.jpg,월악산 국립공원
보은군,https://i.ibb.co/JyWhmbj/image.jpg,보은 법주사
옥천군,https://i.ibb.co/b6K190Y/image.jpg,옥천hub 택배
영동군,https://i.ibb.co/drGPXRv/image.jpg,영동 포도
증평군,https://i.ibb.co/WVCP4qC/image.jpg,증평 명상구름다리
진천군,https://i.ibb.co/pbnM37R/image.jpg,진천 농다리 폭포
괴산군,https://i.ibb.co/b5N6yJX/image.jpg,괴산 고추축제
음성군,https://i.ibb.co/M1sY7Bn/image.jpg,음성 큰바위조각공원
단양군,https://i.ibb.co/D40Hy4z/image.jpg,단양 만천하스카이워크
천안시,https://i.ibb.co/6r2cLJD/image.jpg,천안 호두과자
공주시,https://i.ibb.co/4sgQpjS/image.jpg,공주 무령왕릉
보령시,https://i.ibb.co/KKknk8B/image.jpg,보령 머드축제
아산시,https://i.ibb.co/nMfHTDK/image.jpg,아산 현충사
서산시,https://i.ibb.co/k2cJytm/image.png,서산 웅도
논산시,https://i.ibb.co/FwV9sVL/image.jpg,호국 요람
계룡시,https://i.ibb.co/5chkcg7/image.jpg,계룡산
당진시,https://i.ibb.co/5KSJ19N/image.jpg,당진 삽교호
금산군,https://i.ibb.co/m8Lz1mF/image.jpg,금산 인삼
부여군,https://i.ibb.co/hWXKbdD/image.jpg,부여 백제문화단지
서천군,https://i.ibb.co/qBfG2mk/image.jpg,서천 신성리 갈대밭
청양군,https://i.ibb.co/h8BhKW0/image.jpg,청양 천장호
홍성군,https://i.ibb.co/PZD9TDD/image.jpg,홍성 남당항
예산군,https://i.ibb.co/gS93W36/image.jpg,예산 의좋은 형제 공원
태안군,https://i.ibb.co/yXg2NCF/image.jpg,태안 안면도
포항시,https://i.ibb.co/hmcqQqV/image.jpg,포항 호미곶
경주시,https://i.ibb.co/NNPwmb7/image.jpg,경주 첨성대
김천시,https://i.ibb.co/4KnzxsF/image.jpg,김천 직지사
안동시,https://i.ibb.co/S5wFXMM/image.jpg,안동 하회마을
구미시,https://i.ibb.co/Chjwk7g/image.jpg,구미 금오산
영주시,https://i.ibb.co/p43Ckf9/image.jpg,영주 부석사
영천시,https://i.ibb.co/HKNmNNY/image.jpg,영천 팔공산 도립공원
상주시,https://i.ibb.co/HxzHB76/image.jpg,상주시 곶감
문경시,https://i.ibb.co/dcvTzCF/image.jpg,문경새재
경산시,https://i.ibb.co/x5MCb10/image.jpg,경산 갓바위부처
군위군,https://i.ibb.co/r6mmwdH/image.jpg,군위 인각사
의성군,https://i.ibb.co/5GcYN2j/image.png,의성 마늘
청송군,https://i.ibb.co/2gxp8cY/image.jpg,청송 얼음골
영양군,https://i.ibb.co/KXq5h50/image.jpg,영양 국제밤하늘 보호공원
영덕군,https://i.ibb.co/ZW4W00v/image.jpg,영덕 대게
청도군,https://i.ibb.co/Rcdj6s1/image.jpg,청도 유호연지
고령군,https://i.ibb.co/b7pQsk0/image.jpg,고령 고아리 벽화 고분
성주군,https://i.ibb.co/Fb1vNLj/image.jpg,성주 참외
칠곡군,https://i.ibb.co/B33hjYV/image.jpg,칠곡 가산산성
예천군,https://i.ibb.co/TWz1zTj/image.jpg,예천 학가산 자연휴양림
봉화군,https://i.ibb.co/XpLnyYc/SONY-DSC.jpg,봉화 워낭소리 촬영지
울진군,https://i.ibb.co/dG1XLBW/image.jpg,울진 등기산 스카이워크
울릉군,https://i.ibb.co/PThW4Vx/image.jpg,울릉도
진주시,https://i.ibb.co/g93t60c/image.jpg,진주성
통영시,https://i.ibb.co/f2X5N93/image.jpg,통영 욕지도
사천시,https://i.ibb.co/WtCgpYM/image.jpg,사천케이블카
김해시,https://i.ibb.co/48g3Vj3/image.jpg,김해 가야 테마 파크 
밀양시,https://i.ibb.co/n86DTSv/image.jpg,밀양 얼음골
거제시,https://i.ibb.co/s1VXPQS/image.png,거제 바람의 언덕
양산시,https://i.ibb.co/wg84RPS/image.png,양산 통도사
창원시,https://i.ibb.co/Z6T3bLs/image.jpg,진해 벚꽃길
의령군,https://i.ibb.co/6HsfLYX/image.jpg,의령향교
함안군,https://i.ibb.co/gVd9r8n/image.png,함안 연꽃 테마 파크
창년군,https://i.ibb.co/Ry5VJWs/image.jpg,창녕 우포늪
고성군,https://i.ibb.co/vQPD7gG/image.png,고성 상족암 국립공원
남해군,https://i.ibb.co/4fXkgF7/image.jpg,남해 다랭이마을
하동군,https://i.ibb.co/n3DRFmz/image.jpg,하동 삼성궁
산청군,https://i.ibb.co/dJ1Kt0H/image.jpg,지리산 천왕봉
함양군,https://i.ibb.co/Sc2d57d/image.jpg,함양 용추폭포
거창군,https://i.ibb.co/XJ6QzVF/image.jpg,거창 우두산
합천군,https://i.ibb.co/VjGWnXM/image.jpg,합천 천불천탑
철원군,https://i.ibb.co/M5BsMZy/image.jpg,
양구군,https://i.ibb.co/9qGxrRN/image.jpg,
화천군,https://i.ibb.co/0qjHT2N/image.jpg,
고성군,https://i.ibb.co/cQQ4jDj/image.jpg,
춘천시,https://i.ibb.co/Cv4fSBn/image.jpg,
인제군,https://i.ibb.co/whbkwTw/image.jpg,
속초시,https://i.ibb.co/34PG239/01.jpg,
홍천군,https://i.ibb.co/TkGpsh9/02.jpg,
양양군,https://i.ibb.co/4Wtcvrm/03.jpg,
횡성군,https://i.ibb.co/yYbYNz5/04.jpg,
평창군,https://i.ibb.co/Hnz7BnN/05.jpg,
강릉시,https://i.ibb.co/PFJwzf5/06.jpg,
원주시,https://i.ibb.co/frVT1Sr/01.jpg,
영월군,https://i.ibb.co/b3tbpHq/02.jpg,
정선군,https://i.ibb.co/vxLZkCX/03.jpg,
동해시,https://i.ibb.co/pKYZSCY/04.jpg,
삼척시,https://i.ibb.co/5c7P8Bv/05.jpg,
태백시,https://i.ibb.co/mT5FDPd/image.jpg,
서귀포시,https://i.ibb.co/0qvG9gh/image.jpg,
제주시,https://i.ibb.co/NS9CDF2/image.jpg,
서울,https://i.ibb.co/pjdY05W/01.jpg,
대전,https://i.ibb.co/4jcszL1/02.jpg,
대구,https://i.ibb.co/PwqDC02/03.jpg,
부산,https://i.ibb.co/yB6V3H0/04.jpg,
광주,https://i.ibb.co/LYG5RYy/05.jpg,
울산,https://i.ibb.co/T83zhBk/06.jpg,
전주시,https://ibb.co/Rg4C4ZJ/image.jpg,전주 한옥마을
익산시,https://ibb.co/sqs5Dn4/image.jpg,익산 미륵사지석탑
군산시,https://ibb.co/bRLYgWy/image.jpg,군산 히로쓰가옥
정읍시,https://i.ibb.co/D8ZpgRG/image.jpg,정읍 내장사
남원시,https://i.ibb.co/KDGY2yx/image.jpg,남원 광한루
김제시,https://i.ibb.co/T4gC9FH/19-20-24-5-2017-9-20-1.jpg,김제 지평선축제
완주군,https://i.ibb.co/3pGmm9R/image.jpg,완주 대둔산국립공원
고창군,https://i.ibb.co/qpKcKBg/image.jpg,고창 고인돌박물관
부안군,https://i.ibb.co/s3RTTRr/image.jpg,부안 채석강
임실군,https://i.ibb.co/hcNBTB4/image.jpg,임실 임실치즈테마파크
순창군,https://i.ibb.co/rGz1fDT/image.jpg,순창 전통고추장민속마을
진안군,https://i.ibb.co/V3M6cmH/image.jpg,진안 마이산
무주군,https://i.ibb.co/9YfYz15/image.jpg,무주 덕유산
장수군,https://i.ibb.co/ZTMC0S7/image.jpg,장수 방화동자연휴양림
목포시,https://i.ibb.co/TTPgxgV/image.jpg,목포 유달산
여수시,https://i.ibb.co/QJcwx9V/image.jpg,여수 돌산공원
순천시,https://i.ibb.co/qjFZgSj/image.jpg,순천 순천만습지
나주시,https://i.ibb.co/TTXZL7p/image.jpg,나주 중흥골드스파
광양시,https://i.ibb.co/GpQsTqx/image.jpg,광양 매화축제
담양군,https://i.ibb.co/gJ3xxPT/image.jpg,담양 죽녹원
곡성군,https://i.ibb.co/g7Sfwjs/image.jpg,곡성 섬진강기차마을
구례군,https://i.ibb.co/SRgvwk1/image.jpg,구례 천은사
고흥군,https://i.ibb.co/wdsDWpT/image.jpg,고흥 나로우주센터
보성군,https://i.ibb.co/wdsDWpT/image.jpg,보성 보성녹차밭
화순군,https://i.ibb.co/qxzfhJ9/image.jpg,화순 운주사
장흥군,https://i.ibb.co/N9k5MXx/image.jpg,장흥 정남진전망대
강진군,https://i.ibb.co/HNbwTbK/image.jpg,강진 월출산국립공원
해남군,https://i.ibb.co/R709y60/image.jpg,해남 해남공룡박물관
영암군,https://i.ibb.co/zFgZyt2/image.jpg,영암 왕인박사유적지
무안군,https://i.ibb.co/94QdrTK/image.jpg,무안 회산백련지
함평군,https://i.ibb.co/QmbJD84/image.jpg,함평 함평나비축제
영광군,https://i.ibb.co/2nSnWLL/image.jpg,영광 백제불교최초도래지
장성군,https://i.ibb.co/qFQLWYK/image.jpg,장성 백양사
완도군,https://i.ibb.co/ZfYgx2b/image.jpg,완도 신지명사십리해수욕장
진도군,https://i.ibb.co/sFmF22J/image.jpg,진도 진도타워
신안군,https://i.ibb.co/G24JGkW/image.jpg,신안 퍼플섬
고양시,https://i.ibb.co/L0qkKDd/image.jpg,일산호수공원
과천시,https://i.ibb.co/nzP5Mg2/image.jpg,서울대공원
광명시,https://i.ibb.co/PTjMCqy/image.jpg,IKEA
광주시,https://i.ibb.co/KLq5d8Y/image.jpg,남한산성
구리시,https://i.ibb.co/xGrV3fc/OLYMPUS-DIGITAL-CAMERA.jpg,한강시민공원
군포시,https://i.ibb.co/7NFNWJs/image.jpg,수리산
김포시,https://i.ibb.co/0q7Ts32/image.jpg,경인아라뱃길유람선 현대크루즈호
남양주시,https://i.ibb.co/VDWXXT5/image.jpg,팔당댐
동두천시,https://i.ibb.co/ySLry39/image.jpg,소요산
부천시,https://i.ibb.co/brpktL8/image.jpg,부천문화예술회관
성남시,https://i.ibb.co/BZJ57WS/image.jpg,판교 테크노벨리
수원시,https://i.ibb.co/tKfX1YZ/image.png,수원화성 팔달문
시흥시,https://i.ibb.co/dkXbSQX/image.jpg,오이도 빨간등대
안산시,https://i.ibb.co/7b2050q/image.jpg,안산호수공원
안성시,https://i.ibb.co/mqjT2BV/image.jpg,안성팜랜드
안양시,https://i.ibb.co/2KFVQ49/image.jpg,평촌 문화의거리
양주시,https://i.ibb.co/s3KSkhv/image.png,캠핑장
여주시,https://i.ibb.co/kQHgh79/image.jpg,여주아울렛
오산시,https://i.ibb.co/TmvyHK1/image.jpg,오산천
용인시,https://i.ibb.co/ypqR8zL/image.jpg,에버랜드
의왕시,https://i.ibb.co/khtnRzv/image.jpg,의왕 스카이레일
의정부시,https://i.ibb.co/vs615dR/image.jpg,부대찌개
이천시,https://i.ibb.co/DV0ZKjr/image.jpg,별빛공원
파주시,https://i.ibb.co/HPShYzj/image.jpg,판문점
평택시,https://i.ibb.co/1MpMT9m/image.jpg,평택 미군기지
포천시,https://i.ibb.co/yq4yxv2/image.jpg,허브 아일랜드
하남시,https://i.ibb.co/x12BzH4/image.jpg,하남 스타필드
화성시,https://i.ibb.co/gvj4X1L/image.jpg,제부도
가평군,https://i.ibb.co/vJYHgSP/image.jpg,자라섬
양평군,https://i.ibb.co/4RnPsjf/image.jpg,양수리
연천군,https://i.ibb.co/cwyDs1C/image.jpg,한탄강
